ROS Time (s), GPS Week, GPS TOW (s), Latitude (deg), Longitude (deg), Altitude (m), East Velocity (m/s), North Velocity (m/s), Up Velocity (m/s), Roll (deg), Pitch (deg), Heading (deg)
1556456283.924171925,2051,46699.000000000,22.301155545,114.179000313,6.613695497,-0.007898935,0.003768520,-0.006062907,-1.295129518,0.292010372,228.019929379
1556456284.924304008,2051,46700.000000000,22.301155461,114.179000322,6.605289413,0.000415852,-0.004189932,-0.001974956,-1.294477078,0.291912448,228.022362634
1556456285.924423933,2051,46701.000000000,22.301155379,114.179000332,6.595892898,-0.000457295,0.001368721,-0.002814018,-1.299815820,0.284552578,228.022167091
1556456286.924551010,2051,46702.000000000,22.301155296,114.179000344,6.585281514,0.006153338,-0.014744478,0.003917684,-1.314480498,0.283995401,228.019265849
1556456287.924627066,2051,46703.000000000,22.301155215,114.179000355,6.574341735,0.004364384,-0.013179271,0.004791493,-1.303140550,0.284604589,228.022845043
1556456288.924624920,2051,46704.000000000,22.301155140,114.179000365,6.563624927,-0.002852721,-0.004012374,0.001908780,-1.298120133,0.287310453,228.024081639
1556456289.924813986,2051,46705.000000000,22.301155072,114.179000374,6.553342131,-0.001334389,-0.005551776,-0.001292761,-1.301004536,0.292182334,228.023988746
1556456290.924880981,2051,46706.000000000,22.301155010,114.179000381,6.543579919,-0.000016460,-0.002394850,0.003806366,-1.300923730,0.289780097,228.027456231
1556456291.924118042,2051,46707.000000000,22.301154954,114.179000388,6.534391937,-0.001221043,0.003301913,-0.000764013,-1.299234647,0.296236796,228.025057507
1556456292.924206972,2051,46708.000000000,22.301154904,114.179000394,6.525846097,0.001510071,-0.001353301,0.001847343,-1.295299288,0.293993305,228.027420645
1556456293.924559116,2051,46709.000000000,22.301154858,114.179000401,6.518007258,0.001152879,-0.004228989,0.008545792,-1.302012397,0.290128545,228.025359955
1556456294.924405098,2051,46710.000000000,22.301154815,114.179000408,6.510907775,-0.000312048,-0.002457111,0.005044697,-1.302429952,0.290870800,228.027403047
1556456295.924468994,2051,46711.000000000,22.301154777,114.179000414,6.504460951,0.003401106,0.002032566,-0.006266739,-1.299437340,0.300637159,228.021881833
1556456296.924593925,2051,46712.000000000,22.301154742,114.179000418,6.498629067,-0.004152490,0.004050084,0.000382751,-1.277660141,0.300815699,228.027508282
1556456297.924674988,2051,46713.000000000,22.301154709,114.179000421,6.493314451,0.000199960,-0.007317857,0.004924664,-1.291833161,0.300719059,228.028047160
1556456298.924798012,2051,46714.000000000,22.301154677,114.179000425,6.488503497,0.003254395,-0.008508875,0.009589034,-1.304727775,0.299619488,228.030992436
1556456299.925060034,2051,46715.000000000,22.301154647,114.179000429,6.484133431,-0.003588882,0.003123838,0.003086118,-1.285323514,0.306921079,228.031168155
1556456300.924041033,2051,46716.000000000,22.301154617,114.179000434,6.480059386,-0.003454055,-0.000947728,-0.004727159,-1.302493857,0.314153347,228.038511520
1556456301.924098015,2051,46717.000000000,22.301154589,114.179000439,6.476213603,0.000959942,0.000667170,-0.004879047,-1.289864807,0.312842772,228.037205755
1556456302.924155951,2051,46718.000000000,22.301154562,114.179000447,6.472592389,0.001279977,0.002975432,-0.001895287,-1.283571593,0.310583870,228.037986978
1556456303.924243927,2051,46719.000000000,22.301154537,114.179000455,6.469218013,0.001750441,0.000490850,0.002515888,-1.286642652,0.308240142,228.038457463
1556456304.924359083,2051,46720.000000000,22.301154512,114.179000464,6.466066525,0.004564176,-0.005438311,0.002227462,-1.284550089,0.304097177,228.038638148
1556456305.924711943,2051,46721.000000000,22.301154486,114.179000474,6.463121893,0.005453090,-0.009885914,0.005741759,-1.279899249,0.305980443,228.039292848
1556456306.924617052,2051,46722.000000000,22.301154462,114.179000483,6.460401025,0.000824249,-0.001905502,0.003684175,-1.276916806,0.304097042,228.040703888
1556456307.924771070,2051,46723.000000000,22.301154439,114.179000492,6.457900452,-0.006626217,0.003405114,0.002175763,-1.279409277,0.301942629,228.037761949
1556456308.924829960,2051,46724.000000000,22.301154417,114.179000501,6.455587722,-0.000523348,0.000580147,-0.000378974,-1.282193200,0.310651481,228.042593033
1556456309.923917055,2051,46725.000000000,22.301154379,114.179000490,6.453418803,-0.220939577,-0.187978322,0.004628351,-1.245954373,0.387505075,228.051627559
1556456310.984065056,2051,46726.000000000,22.301149574,114.178995775,6.375703372,-0.779760423,-0.687866840,0.003768980,-1.227542919,0.484937721,228.143580738
1556456311.924103975,2051,46727.000000000,22.301140736,114.178984940,6.376340935,-1.397596614,-1.204367196,0.014623467,-1.292651440,0.361187544,227.990068733
1556456312.924170971,2051,46728.000000000,22.301127948,114.178969587,6.376166226,-1.747427457,-1.616019250,-0.011320719,-1.243872547,0.588537813,226.879651033
1556456313.924314976,2051,46729.000000000,22.301112473,114.178951930,6.384449633,-1.722011185,-1.695637083,0.022428408,-0.859556879,0.111007589,224.743857231
1556456314.924472094,2051,46730.000000000,22.301097273,114.178937201,6.395193934,-1.263874111,-1.783072919,0.033366817,-0.546672681,0.642924533,218.612057868
1556456315.924591064,2051,46731.000000000,22.301079952,114.178926735,6.417632013,-0.776813660,-2.128774851,-0.012366667,-0.311056637,-0.078744330,204.315196234
1556456316.924659014,2051,46732.000000000,22.301059611,114.178923442,6.408848153,0.076812392,-2.359934620,-0.023851224,-0.070826974,-0.177857862,182.169059914
1556456317.924681902,2051,46733.000000000,22.301038674,114.178929424,6.399955757,1.067179566,-2.246132040,-0.037940349,-0.135720715,-0.471577601,159.357859007
1556456318.923821926,2051,46734.000000000,22.301018518,114.178942434,6.382801238,1.597211970,-2.250234841,0.009159258,-0.434246507,0.128856583,146.247348674
1556456319.924258947,2051,46735.000000000,22.300996757,114.178959875,6.389291747,2.035727527,-2.553077956,0.012478728,-0.303762116,-0.162533320,141.464751286
1556456320.924242020,2051,46736.000000000,22.300972580,114.178981339,6.380902245,2.406516360,-2.795248843,-0.014822143,-0.335490859,0.035929425,138.733490535
1556456321.924150944,2051,46737.000000000,22.300946525,114.179006205,6.381078796,2.704029812,-2.987875794,0.010661791,-0.636690873,0.102132455,136.892752344
1556456322.924375057,2051,46738.000000000,22.300918947,114.179033906,6.387420558,2.966542898,-3.166230326,-0.011359339,-0.835959502,0.290281225,135.953659918
1556456323.924504995,2051,46739.000000000,22.300888806,114.179063776,6.404280603,3.142005156,-3.508455204,-0.004024692,-0.702073418,-0.032074698,136.412809136
1556456324.924537897,2051,46740.000000000,22.300855861,114.179095901,6.412911355,3.408791214,-3.772948678,-0.018892390,-0.500612327,-0.111566148,136.639679603
1556456325.934515953,2051,46741.000000000,22.300820525,114.179130275,6.393295094,3.588385225,-3.950844455,-0.130848015,-0.954462523,-0.133178509,136.923784382
1556456326.924640894,2051,46742.000000000,22.300783154,114.179166173,6.387240366,3.788165610,-4.301899811,0.003897756,-1.819681956,-0.117179309,137.191404509
1556456327.923918962,2051,46743.000000000,22.300743269,114.179203858,6.396113422,3.904478117,-4.527665998,0.016313328,-1.316844212,0.421896038,137.712735419
1556456328.924026966,2051,46744.000000000,22.300702591,114.179241974,6.427619047,3.824494490,-4.419174661,0.022791756,-0.759417727,0.087339603,137.569647551
1556456329.923959017,2051,46745.000000000,22.300663510,114.179278648,6.458925725,3.690955600,-4.216162687,0.017377739,-0.771780300,-0.069879592,137.822304606
1556456330.924150944,2051,46746.000000000,22.300625684,114.179313812,6.474043051,3.557717019,-4.039170580,0.023040295,-0.891748599,0.205486918,137.691403654
1556456331.924289942,2051,46747.000000000,22.300589676,114.179347284,6.487475943,3.241523652,-3.952281473,-0.018230094,-1.173616962,-0.114566099,138.420977822
1556456332.924278021,2051,46748.000000000,22.300551930,114.179378076,6.514269745,3.179878748,-4.496580355,0.062626614,-1.040834527,0.388554454,142.785557483
1556456333.924365997,2051,46749.000000000,22.300508591,114.179408266,6.560615872,3.165685799,-5.016113031,0.034192933,-1.435005549,0.257335944,145.772615568
1556456334.924421072,2051,46750.000000000,22.300461192,114.179440716,6.586970346,3.455898099,-5.316332023,0.026357767,-0.796756173,-0.065736256,145.564290618
1556456335.924609900,2051,46751.000000000,22.300412101,114.179476567,6.600371512,3.916118974,-5.472168754,0.013017582,-0.586988864,0.008441266,142.926019750
1556456336.923753977,2051,46752.000000000,22.300362214,114.179516962,6.630004147,4.363838355,-5.501740277,0.088153172,-0.384200601,0.338389711,140.443491056
1556456337.923783064,2051,46753.000000000,22.300311603,114.179561093,6.668036914,4.589481038,-5.578334758,0.001089054,-0.086431087,0.185368261,139.049278193
1556456338.923876047,2051,46754.000000000,22.300261608,114.179606665,6.704422018,4.552073123,-5.404851857,0.009079843,-0.253847075,0.189166975,137.846006157
1556456339.924084902,2051,46755.000000000,22.300213867,114.179651379,6.735978559,4.420813328,-5.054483427,-0.034153871,-0.730481765,0.287371284,137.576827338
1556456340.924125910,2051,46756.000000000,22.300170545,114.179691841,6.783747781,3.715753385,-4.332574764,0.003234459,-0.572881188,0.021767159,137.387618641
1556456341.924195051,2051,46757.000000000,22.300134661,114.179724682,6.814333158,3.063452381,-3.441118976,0.060372501,-0.357512805,-0.326125866,137.120523696
1556456342.924360991,2051,46758.000000000,22.300107750,114.179749554,6.837236355,1.986468763,-2.391049334,0.025086892,-0.906227618,-0.223356191,137.067764345
1556456343.924504995,2051,46759.000000000,22.300092208,114.179763269,6.862808789,0.793295217,-1.061391352,0.019344296,-0.967737833,-0.132933939,137.111502046
1556456344.924514055,2051,46760.000000000,22.300088059,114.179769159,6.881011897,-0.000728116,-0.130854787,0.027281990,-0.976458235,-0.034948293,137.151606988
1556456345.923630953,2051,46761.000000000,22.300088794,114.179770462,6.896066813,-0.096892736,-0.007085092,0.026610523,-0.980614885,0.121251250,137.159786754
1556456346.923767090,2051,46762.000000000,22.300089474,114.179772135,6.901167149,-0.083724371,-0.007877594,0.021314379,-0.983556742,0.112485851,137.164958082
1556456347.923866987,2051,46763.000000000,22.300091597,114.179774283,6.898757955,-0.062155329,0.005995139,0.023134018,-0.981992717,0.106670007,137.168091961
1556456348.923985958,2051,46764.000000000,22.300092177,114.179774688,6.898603038,-0.064889785,0.001769418,0.015411278,-0.986931030,0.113112396,137.170696080
1556456349.924069881,2051,46765.000000000,22.300093273,114.179776590,6.845790211,-0.033579332,0.013364045,0.013812151,-0.993398648,0.109771835,137.177123427
1556456350.924168110,2051,46766.000000000,22.300093873,114.179778495,6.754405376,-0.022953556,0.005849410,0.001678140,-0.997653273,0.110589998,137.181571932
1556456351.924309015,2051,46767.000000000,22.300093961,114.179779275,6.712566550,-0.010502875,0.004751569,-0.001115401,-0.999904511,0.105111478,137.181121851
1556456352.924374104,2051,46768.000000000,22.300093951,114.179779442,6.711407122,-0.006171602,-0.005431516,-0.000639119,-0.998541344,0.104270742,137.180847342
1556456353.924546957,2051,46769.000000000,22.300093904,114.179779488,6.710719368,-0.005267009,-0.000765058,-0.003639803,-1.003227843,0.106131201,137.176061185
1556456354.923607111,2051,46770.000000000,22.300093868,114.179779482,6.710384554,-0.005682204,-0.001803446,-0.002224884,-1.003197083,0.104785734,137.174311689
1556456355.923691034,2051,46771.000000000,22.300093830,114.179779436,6.709602036,-0.007532189,-0.002628720,-0.003194149,-1.004886826,0.104124105,137.170431486
1556456356.923804998,2051,46772.000000000,22.300093794,114.179779367,6.707669131,-0.005827913,-0.001021092,-0.005480895,-1.010349158,0.103162580,137.166200793
1556456357.923883915,2051,46773.000000000,22.300093762,114.179779290,6.704432341,-0.006299471,-0.002043014,-0.004808155,-1.012500921,0.103410368,137.164950446
1556456358.923978090,2051,46774.000000000,22.300093736,114.179779215,6.700394340,-0.005811416,-0.002145159,-0.002576906,-1.008107399,0.100569691,137.166992203
1556456359.924149990,2051,46775.000000000,22.300093714,114.179779143,6.695755582,0.004730663,0.006983324,-0.002577131,-1.007259683,0.097448863,137.166290899
1556456360.924177885,2051,46776.000000000,22.300093694,114.179779077,6.690601196,0.002459726,0.002077877,-0.004385487,-1.010913580,0.098277237,137.165910172
1556456361.924283028,2051,46777.000000000,22.300093677,114.179779018,6.685050140,-0.003576234,-0.000149192,-0.005814097,-1.008660060,0.104755240,137.165824376
1556456362.924423933,2051,46778.000000000,22.300093662,114.179778964,6.679298929,-0.004491807,-0.003363863,-0.003796073,-1.008079256,0.104264990,137.165547012
1556456363.923531055,2051,46779.000000000,22.300093649,114.179778915,6.673523667,-0.004945759,-0.003913241,-0.004703619,-1.008564184,0.106789160,137.165496465
1556456364.923568964,2051,46780.000000000,22.300093637,114.179778870,6.667879798,-0.004038293,0.000329359,-0.003903097,-1.009162691,0.107975811,137.164987196
1556456365.923710108,2051,46781.000000000,22.300093626,114.179778826,6.662293858,-0.007622161,-0.001850256,-0.007016659,-1.001229831,0.104940714,137.166159842
1556456366.923902988,2051,46782.000000000,22.300093616,114.179778783,6.656790068,-0.012030996,-0.004777497,-0.004533892,-0.999580110,0.106387399,137.165413122
1556456367.923927069,2051,46783.000000000,22.300093606,114.179778739,6.651355036,-0.012749723,-0.001580855,-0.007760779,-1.002936038,0.103715147,137.164153905
1556456368.923962116,2051,46784.000000000,22.300093561,114.179778730,6.645856141,0.168646342,-0.201236250,-0.002089986,-0.986400138,0.183190726,137.174503361
1556456369.924139023,2051,46785.000000000,22.300089548,114.179781498,6.521553439,0.452634011,-0.504627413,-0.005663796,-0.917284257,0.139433880,137.082981337
1556456370.934297085,2051,46786.000000000,22.300083802,114.179786845,6.488359337,0.670152717,-0.761371672,-0.003466829,-0.859546319,0.190767729,136.903290382
1556456371.924328089,2051,46787.000000000,22.300075638,114.179794472,6.455840525,0.953729678,-1.083744691,-0.006639243,-0.829670636,0.165237306,137.071393425
1556456372.923414946,2051,46788.000000000,22.300063986,114.179804684,6.429050111,1.162283044,-1.442881881,0.007123744,-0.484463862,0.273092736,138.948742626
1556456373.923556089,2051,46789.000000000,22.300048015,114.179817585,6.423039285,1.559281025,-2.247857839,-0.011310301,-0.541674711,0.248104092,142.744172543
1556456374.923598051,2051,46790.000000000,22.300022043,114.179832793,6.427498483,1.370032051,-3.452697936,0.038619209,-1.052232760,0.442434809,154.523797069
1556456375.923763037,2051,46791.000000000,22.299987021,114.179841697,6.450135019,0.247991069,-4.153306678,0.020851001,-0.875434389,0.625944517,171.535398448
1556456376.923907995,2051,46792.000000000,22.299949666,114.179837377,6.483216722,-1.064508544,-4.044545967,0.045718595,-0.230282180,0.237465348,191.811721046
1556456377.923953056,2051,46793.000000000,22.299915478,114.179819763,6.481922571,-2.555261780,-3.576605211,0.004813800,-0.367618283,-0.783339042,210.296732632
1556456378.924020052,2051,46794.000000000,22.299883044,114.179790615,6.423643114,-3.471587436,-3.568486991,-0.065643954,-1.489585020,-0.433467805,221.713703690
1556456379.924134970,2051,46795.000000000,22.299850567,114.179753101,6.389492869,-4.272075419,-3.552588305,-0.002339896,-2.166206180,-0.779596656,227.659699627
1556456380.924340963,2051,46796.000000000,22.299818405,114.179709845,6.354035244,-4.553362430,-3.477517134,-0.021969540,-1.830913276,-0.691822959,229.667385555
1556456381.923319101,2051,46797.000000000,22.299786432,114.179666186,6.353082459,-4.411959406,-3.528071297,-0.095686378,-1.450601126,-0.559953186,229.861686752
1556456382.923417091,2051,46798.000000000,22.299755649,114.179623816,6.336870206,-4.201914915,-3.374037901,-0.040066163,-0.949156639,0.267979006,229.568680632
1556456383.923583984,2051,46799.000000000,22.299724254,114.179581791,6.349536774,-4.496089734,-3.625938992,0.040678908,-1.414830030,0.219252346,229.081969777
1556456384.923686981,2051,46800.000000000,22.299689836,114.179536227,6.375955577,-4.914345758,-3.956232709,0.034545417,-1.985777541,0.063497499,228.956499913
1556456385.923715115,2051,46801.000000000,22.299652593,114.179486117,6.389597491,-5.431942472,-4.283366977,0.032248361,-1.325673320,0.121487979,229.197806476
1556456386.923866034,2051,46802.000000000,22.299613378,114.179432857,6.402409986,-5.491997918,-4.383271546,0.070132241,-1.018891117,0.131093474,229.403804681
1556456387.924036026,2051,46803.000000000,22.299573696,114.179379372,6.424640675,-5.615866775,-4.492328479,0.032884771,-1.144129635,0.123211730,229.184908648
1556456388.924094915,2051,46804.000000000,22.299531888,114.179324008,6.450167209,-5.835192870,-4.789258583,0.043654875,-0.561291324,0.085323346,228.339484984
1556456389.924181938,2051,46805.000000000,22.299487247,114.179266599,6.481513232,-5.963577068,-5.119331923,0.037347001,-0.510036007,0.079153451,227.488620071
1556456390.923247099,2051,46806.000000000,22.299440354,114.179208194,6.506994621,-6.145311643,-5.232647088,0.063996436,-1.082324402,0.053984951,226.792921084
1556456391.923439026,2051,46807.000000000,22.299391668,114.179148586,6.501042331,-6.166942331,-5.476819811,0.059382477,-0.903196131,-0.020913209,226.157495659
1556456392.923542976,2051,46808.000000000,22.299341748,114.179088238,6.536411170,-6.165426586,-5.561404632,-0.041626633,-0.792185051,-0.041330113,226.044699543
1556456393.923599005,2051,46809.000000000,22.299291959,114.179027642,6.568402105,-6.280610037,-5.414384793,0.067917077,-1.131290156,0.260432673,226.649785182
1556456394.923763990,2051,46810.000000000,22.299244995,114.178968411,6.619023511,-6.072469995,-5.245086736,-0.003252252,-1.394873918,-0.208033023,227.504812046
1556456395.923852921,2051,46811.000000000,22.299198834,114.178909312,6.714736389,-6.232183897,-5.215624327,0.138647291,-1.481592446,-0.181792431,227.668374347
1556456396.923944950,2051,46812.000000000,22.299151758,114.178848271,6.797640749,-6.195130227,-5.165384637,0.003138169,-0.881026424,-0.345224141,227.779243334
1556456397.923975945,2051,46813.000000000,22.299105368,114.178786875,6.880700525,-6.413827565,-5.134513472,0.102435073,-1.219115717,0.451907595,229.097912918
1556456398.924109936,2051,46814.000000000,22.299060228,114.178723438,6.977912918,-6.578658150,-4.991227908,0.147079014,-0.732768117,0.270635215,230.366330933
1556456399.923352957,2051,46815.000000000,22.299016022,114.178659327,7.063508303,-6.518219640,-4.882704241,0.077133311,0.791476035,0.269095839,230.370439634
1556456400.923360109,2051,46816.000000000,22.298965849,114.178601913,7.169753558,-6.279663984,-4.933468368,0.145250992,1.013879420,0.326751637,229.281303119
1556456401.923413992,2051,46817.000000000,22.298917168,114.178546699,7.268620076,-5.827308913,-4.806313400,0.181882574,-0.069804450,0.678181769,227.823788880
1556456402.923433065,2051,46818.000000000,22.298869269,114.178493876,7.410075735,-5.515484417,-4.698076905,0.152416785,0.626481478,0.530624052,227.456192631
1556456403.923711061,2051,46819.000000000,22.298823945,114.178440748,7.526663286,-5.319800819,-4.733326851,0.128868374,0.718327326,-0.064087877,227.208676076
1556456404.923796892,2051,46820.000000000,22.298781320,114.178389226,7.641434860,-5.240179250,-4.569809187,0.148292356,0.642211366,0.404550960,226.825193916
1556456405.923862934,2051,46821.000000000,22.298740182,114.178340293,7.758993019,-4.941852260,-4.460162718,0.162839644,-0.017751525,0.106556033,226.219540885
1556456406.923916101,2051,46822.000000000,22.298698872,114.178292794,7.854842786,-4.878349154,-4.532650900,0.107871663,0.529243658,0.122133884,225.797765143
1556456407.924108982,2051,46823.000000000,22.298657762,114.178244244,7.969835676,-5.071691223,-4.654160520,0.116540559,0.003917477,0.201404657,226.311977684
1556456408.923269033,2051,46824.000000000,22.298614866,114.178193887,8.111581945,-5.276502219,-4.871395927,0.133973037,-0.339153696,-0.037168188,225.733463768
1556456409.923300982,2051,46825.000000000,22.298569781,114.178142730,8.222891762,-5.245003651,-5.077262707,0.111701250,-0.541621313,0.275509592,224.620881825
1556456410.923373938,2051,46826.000000000,22.298523354,114.178092218,8.331888719,-5.184678978,-5.354564769,0.139528325,-0.683664321,0.338885164,222.706826268
1556456411.923495054,2051,46827.000000000,22.298473996,114.178043458,8.452412818,-5.109931795,-5.712223352,0.126615327,-1.271394679,0.386938196,220.494983691
1556456412.923604012,2051,46828.000000000,22.298420990,114.177992280,8.588137492,-5.263317942,-5.809256306,0.183106090,-1.085111279,0.539310869,220.447680095
1556456413.923696041,2051,46829.000000000,22.298369653,114.177940791,8.671611970,-5.572861653,-5.647568112,0.056467582,-0.132014487,-0.162194525,222.434258510
1556456414.923758030,2051,46830.000000000,22.298318879,114.177885529,8.742514149,-5.740562813,-5.353964444,0.065113845,-0.910718331,-0.581554319,224.558578632
1556456415.923923969,2051,46831.000000000,22.298271431,114.177831370,8.831475761,-5.613211729,-5.114282085,0.151612336,-1.336689743,0.309911351,225.876253181
1556456416.923965931,2051,46832.000000000,22.298226369,114.177778143,8.972211251,-5.412540478,-4.855951045,0.147844072,-1.203888379,0.305273329,226.436910823
1556456417.923049927,2051,46833.000000000,22.298183480,114.177726710,9.103163631,-5.115371821,-4.662319135,0.175699528,-1.559206868,0.126916249,226.359314422
1556456418.923363924,2051,46834.000000000,22.298144165,114.177679986,9.238503152,-4.615393496,-4.174832869,0.143016589,-1.670440993,0.192099274,226.553921796
1556456419.923346043,2051,46835.000000000,22.298109144,114.177637811,9.372443103,-4.109049175,-3.679692842,0.144726136,-1.603642067,0.158846192,226.815176932
1556456420.923394918,2051,46836.000000000,22.298076475,114.177598111,9.506086146,-3.977883446,-3.503710801,0.122686170,-1.351161662,0.250145640,226.958405768
1556456421.923512936,2051,46837.000000000,22.298043689,114.177559222,9.660252802,-4.185723873,-3.763836173,0.133031885,-1.655629960,0.454010825,227.055268159
1556456422.923656940,2051,46838.000000000,22.298008695,114.177516883,9.806537658,-4.474224456,-4.064219348,0.244285428,-1.603368479,0.009664563,227.224938387
1556456423.923763990,2051,46839.000000000,22.297971699,114.177471564,9.955750867,-4.833170378,-4.252610615,0.146461704,-2.030281643,0.346494197,227.993806712
1556456424.923814058,2051,46840.000000000,22.297933551,114.177423056,10.140578672,-5.375670229,-4.020879112,0.163860249,-2.528916474,0.255534747,230.159049957
1556456425.924062967,2051,46841.000000000,22.297896791,114.177370349,10.283927785,-5.493532104,-4.154498435,0.135917490,-1.216075209,-0.161616493,231.843283981
1556456426.923023939,2051,46842.000000000,22.297858584,114.177317231,10.383298920,-5.622023601,-4.388783396,0.059693929,-1.412322576,-0.281883609,230.751197565
1556456427.923129082,2051,46843.000000000,22.297818219,114.177262334,10.531181230,-5.719699673,-4.574294986,0.130423898,-1.089350312,-0.106518087,229.658315478
1556456428.923338890,2051,46844.000000000,22.297776257,114.177205183,10.650624844,-5.815664210,-4.818836447,0.110837697,-0.525671199,-0.022797036,229.278307514
1556456429.923268080,2051,46845.000000000,22.297733852,114.177149646,10.767966741,-5.802250697,-4.902036135,0.113682508,-0.815508687,-0.133138523,228.664594421
1556456430.923393011,2051,46846.000000000,22.297690047,114.177095640,10.837751911,-5.599407170,-4.953890312,0.055830367,-1.054810074,-0.365868836,227.516621227
1556456431.923533916,2051,46847.000000000,22.297645134,114.177041131,10.924163386,-5.560774663,-5.072490510,0.066420857,-0.310111984,-0.238727587,226.465035298
1556456432.923660040,2051,46848.000000000,22.297599272,114.176988636,11.044221784,-5.428192415,-5.101670467,0.120305442,-1.006333301,-0.148062608,225.456191341
1556456433.923736095,2051,46849.000000000,22.297552737,114.176935960,11.172451377,-5.411377210,-5.216338522,0.091429402,-0.445010189,-0.235172237,225.461434378
1556456434.923856974,2051,46850.000000000,22.297505223,114.176882050,11.297649833,-5.521055357,-5.177554618,0.122408076,-1.231047375,0.068342644,225.802106816
1556456435.922981024,2051,46851.000000000,22.297459558,114.176829966,11.455634478,-5.477741621,-4.984258408,0.272490088,-0.177900353,0.477574908,226.068912901
1556456436.923079014,2051,46852.000000000,22.297415585,114.176778549,11.652902575,-5.210439419,-4.898829593,0.142769663,0.851174357,0.147425790,226.072137826
1556456437.923134089,2051,46853.000000000,22.297376481,114.176729039,11.812786339,-5.067983164,-4.732097330,0.176662151,0.894646015,0.028933531,226.193675958
1556456438.923263073,2051,46854.000000000,22.297336105,114.176681403,11.977338177,-5.046770068,-4.525686958,0.189125454,0.494871691,-0.007029334,226.826368804
1556456439.923362017,2051,46855.000000000,22.297298424,114.176633402,12.133757291,-4.993925095,-4.171376680,0.136890155,1.286731683,-0.230230775,228.454814362
1556456440.923527002,2051,46856.000000000,22.297262173,114.176584865,12.286911101,-5.139856550,-4.027552251,0.230592959,1.919554350,0.180909884,231.259092170
1556456441.923768997,2051,46857.000000000,22.297229301,114.176534773,12.451791523,-5.309165779,-3.534045780,0.178562439,1.618939929,0.212871823,235.169677087
1556456442.923654079,2051,46858.000000000,22.297201379,114.176482476,12.623218484,-5.500452055,-2.987816370,0.104011216,1.581658284,-0.205309472,240.652399183
1556456443.923871040,2051,46859.000000000,22.297180428,114.176427051,12.782150692,-5.916269666,-2.286925115,0.089809684,1.688343647,0.247197610,248.703775074
1556456444.922931910,2051,46860.000000000,22.297168220,114.176365504,12.932331982,-6.329380860,-1.400879273,0.116838845,1.914995116,-0.147752472,256.707635610
1556456445.922991037,2051,46861.000000000,22.297160023,114.176301299,13.053187407,-6.745686720,-0.640148068,0.110370891,1.956530718,-0.260301329,264.319792442
1556456446.923099041,2051,46862.000000000,22.297158232,114.176235073,13.191375365,-6.819518587,0.020240035,0.199281659,1.615836675,0.702153374,269.846333674
1556456447.923226118,2051,46863.000000000,22.297161758,114.176167913,13.356205293,-6.963476054,0.462705463,0.173555970,1.288268767,0.275179030,273.367373418
1556456448.923317909,2051,46864.000000000,22.297170220,114.176100889,13.510317503,-6.769598073,0.654975622,0.135861785,1.362882398,-0.008072049,275.362747901
1556456449.923393965,2051,46865.000000000,22.297176488,114.176036987,13.675306356,-6.476045239,0.651923073,0.166290006,1.268557932,-0.418454213,275.933042616
1556456450.923554897,2051,46866.000000000,22.297181688,114.175978545,13.824093275,-5.918412019,0.578541657,0.179146791,1.664219740,-0.098526296,275.591979017
1556456451.933609962,2051,46867.000000000,22.297185131,114.175929890,13.958828253,-4.648145698,0.290148278,0.163216876,1.733823869,-0.270078073,274.560308726
1556456452.923747063,2051,46868.000000000,22.297188108,114.175889565,14.137404533,-3.935776530,0.097418990,0.157941075,1.553396686,0.214077990,273.101652109
1556456453.922854900,2051,46869.000000000,22.297195125,114.175854717,14.099981756,-3.886570204,0.181627222,0.164086860,1.644297851,-0.292580199,272.172253651
1556456454.922890902,2051,46870.000000000,22.297195355,114.175818952,13.876889706,-3.690002419,-0.005513714,0.066231543,1.210711589,0.099073072,271.437785993
1556456455.923140049,2051,46871.000000000,22.297194799,114.175787246,13.355428559,-3.026815133,0.058686203,0.150392829,0.653287007,0.087913548,271.337615593
1556456456.933060884,2051,46872.000000000,22.297195734,114.175759621,12.998761980,-3.186066710,0.156127109,0.110084599,-0.245984631,0.375825500,273.538931215
1556456457.923247099,2051,46873.000000000,22.297199868,114.175723793,12.836704582,-3.927843486,0.295071051,0.168164303,-0.556067312,0.146008085,275.121869937
1556456458.923399925,2051,46874.000000000,22.297203890,114.175683946,12.735641768,-4.283633699,0.642324897,0.134033522,-1.280249437,0.449761248,277.174524603
1556456459.923511982,2051,46875.000000000,22.297211682,114.175640912,12.603853259,-4.672508118,0.891408273,0.106936903,-0.734560591,0.635898088,280.848400369
1556456460.923619032,2051,46876.000000000,22.297224180,114.175598607,12.319527010,-4.302386851,1.855427707,0.182662266,-0.304003381,1.163951143,290.981607973
1556456461.923683882,2051,46877.000000000,22.297245139,114.175560712,12.300589228,-3.494938133,2.825268667,0.164346901,0.636414014,0.506353872,305.226565950
1556456462.922806978,2051,46878.000000000,22.297274575,114.175530254,12.343110931,-2.792414058,3.753851517,0.138429072,-0.521291327,0.691929425,321.144142541
1556456463.922933102,2051,46879.000000000,22.297310075,114.175507139,12.248246077,-1.916216022,4.207269135,0.086783891,-2.310152420,-0.714806983,333.093303690
1556456464.923048973,2051,46880.000000000,22.297349945,114.175493460,11.960237511,-1.000335840,4.617211204,0.025966072,-1.840982295,-0.062239496,346.367864859
1556456465.923054934,2051,46881.000000000,22.297394265,114.175490326,11.702034855,0.261648050,5.127907788,0.117151489,-2.104033847,0.103665802,0.972317956
1556456466.923181057,2051,46882.000000000,22.297441476,114.175497120,11.609899563,0.959758163,5.483793473,0.075062698,-1.014424162,0.222944801,8.964502127
1556456467.923316002,2051,46883.000000000,22.297493191,114.175507125,11.555095971,0.952136049,5.998566250,0.087257894,-0.763210570,0.414565024,8.965257913
1556456468.923351049,2051,46884.000000000,22.297549489,114.175516631,11.560990033,0.960498150,6.509514131,0.077621488,-0.859511848,0.291097122,7.605958073
1556456469.923557043,2051,46885.000000000,22.297610203,114.175525613,11.546599569,0.915384137,6.993627644,0.031210296,-0.266775931,-0.091399251,6.673313442
1556456470.923612118,2051,46886.000000000,22.297673971,114.175535255,11.451968507,1.073015917,7.430068958,0.139864309,-0.282292582,0.428160053,7.061719242
1556456471.922688961,2051,46887.000000000,22.297742065,114.175545770,11.425892331,1.155536399,7.744183475,0.053730383,-0.242362774,0.087764298,7.498706776
1556456472.922811985,2051,46888.000000000,22.297813526,114.175557143,11.435753707,1.220315470,8.080213904,0.148453726,-0.496231739,0.230678906,7.695557207
1556456473.922943115,2051,46889.000000000,22.297887532,114.175569393,11.367071917,1.328736224,8.410605797,0.003774249,0.100062822,-0.204520748,7.793879277
1556456474.923008919,2051,46890.000000000,22.297965237,114.175582200,11.344587798,1.300365056,8.842085838,0.029815601,0.611499623,0.302875389,7.552572307
1556456475.923115015,2051,46891.000000000,22.298047009,114.175594879,11.410840070,1.366645976,9.199734455,0.091902991,-0.120756036,0.363229147,7.350315070
1556456476.923330069,2051,46892.000000000,22.298131361,114.175607977,11.443134394,1.427998151,9.429851571,0.119020768,-0.475253402,0.557622214,7.614023135
1556456477.933316946,2051,46893.000000000,22.298215907,114.175621319,11.476642514,1.347623054,9.655118075,0.136163774,0.004835065,0.404797794,7.014253167
1556456478.933388948,2051,46894.000000000,22.298303718,114.175634233,11.535426484,1.361134432,9.828051281,0.050361694,-0.300576491,0.064182054,6.934358669
1556456479.923604965,2051,46895.000000000,22.298394607,114.175647810,11.537138115,1.336835273,10.027995361,0.064145307,-0.604817406,0.317081176,6.940940936
1556456480.922655106,2051,46896.000000000,22.298483763,114.175661316,11.509288387,1.408432285,10.098017835,0.045096020,-0.517707314,0.212305235,6.964846332
1556456481.922683954,2051,46897.000000000,22.298576199,114.175675302,11.549650041,1.417425114,10.019255123,0.053649094,-0.568944425,0.207363183,7.097923526
1556456482.923039913,2051,46898.000000000,22.298665214,114.175689021,11.591694300,1.406299513,9.659667444,0.051886137,-0.762274848,0.304495051,7.309179738
1556456483.922969103,2051,46899.000000000,22.298750658,114.175702334,11.661993154,1.338072202,9.195221066,0.071584008,-0.806813435,0.159037077,7.178493822
1556456484.933026075,2051,46900.000000000,22.298830825,114.175714898,11.712915953,1.312478023,8.734583677,0.043216496,-0.726589284,0.109523865,7.387704527
1556456485.923285961,2051,46901.000000000,22.298908033,114.175727310,11.786892029,1.261460483,8.336811802,0.094171072,-0.295551510,0.530040150,7.374358934
1556456486.923305035,2051,46902.000000000,22.298981105,114.175738876,11.856305049,1.228752169,7.832534255,0.057844640,-0.736552477,0.211753091,7.564651530
1556456487.933346987,2051,46903.000000000,22.299049821,114.175750458,11.925096886,1.145242742,7.164918659,0.021427924,-0.529793171,0.093545180,7.985374648
1556456488.923430920,2051,46904.000000000,22.299111243,114.175761271,11.972382482,1.059536234,6.371251903,0.096662436,-0.667530384,0.063917580,8.555845104
1556456489.922653913,2051,46905.000000000,22.299162929,114.175771063,12.017511884,0.946553384,5.329826204,0.061331327,-0.710170119,-0.004923289,9.002787976
1556456490.922621012,2051,46906.000000000,22.299207437,114.175779861,12.055626666,0.763372986,4.256336436,0.018891033,-0.503778975,-0.220223385,9.279518889
1556456491.922914982,2051,46907.000000000,22.299239317,114.175786220,12.074424232,0.502890099,2.820997809,0.053819072,-0.165610072,0.072962957,9.067505068
1556456492.922911882,2051,46908.000000000,22.299259322,114.175790157,12.115874422,0.291797400,1.585080867,0.032157458,0.000796987,0.093638001,8.886511133
1556456493.923021078,2051,46909.000000000,22.299271379,114.175792629,12.103046094,0.155646784,0.838758181,0.036607212,-0.013371695,-0.184400067,8.726363906
1556456494.923141003,2051,46910.000000000,22.299277845,114.175790947,11.747240303,0.026639897,0.156642627,0.024540996,0.022191359,-0.125025414,8.664080846
1556456495.923167944,2051,46911.000000000,22.299278490,114.175790270,11.629829677,-0.019896295,-0.017692557,0.019608940,0.034115423,-0.053659358,8.656183783
1556456496.923305035,2051,46912.000000000,22.299279028,114.175790420,11.475116624,-0.001533110,-0.011697377,0.012449508,0.029561080,-0.044149836,8.657654669
1556456497.923368931,2051,46913.000000000,22.299278939,114.175791067,11.371878120,-0.005440048,-0.004586018,0.007632391,0.033629985,-0.048360568,8.656516590
1556456498.922499895,2051,46914.000000000,22.299279085,114.175790947,11.291275912,0.003676464,0.001386205,-0.002951188,0.036771094,-0.047864126,8.657547394
1556456499.922612906,2051,46915.000000000,22.299279006,114.175791198,11.221278558,0.012021584,0.002470031,-0.009713590,0.033987956,-0.048374441,8.656781542
1556456500.922703981,2051,46916.000000000,22.299278713,114.175790520,11.438957423,0.008190259,0.000075716,-0.009529188,0.033963188,-0.046604123,8.658934915
1556456501.922730923,2051,46917.000000000,22.299278750,114.175790637,11.453265450,0.009032537,0.000442798,-0.010703427,0.032032012,-0.043528595,8.653189468
1556456502.922981024,2051,46918.000000000,22.299278826,114.175790910,11.429117051,0.010106664,-0.001740813,-0.009231411,0.029329477,-0.038401830,8.639882572
1556456503.923067093,2051,46919.000000000,22.299278888,114.175791242,11.375343719,0.011255372,-0.000504552,-0.009572932,0.022576728,-0.035276537,8.629221590
1556456504.923152924,2051,46920.000000000,22.299278943,114.175791597,11.295996136,0.008678437,-0.000586231,-0.007863661,0.013817134,-0.033790275,8.616100676
1556456505.923181057,2051,46921.000000000,22.299278992,114.175791933,11.201626250,0.000264338,-0.001409925,-0.006372994,0.014695611,-0.031585771,8.616306444
1556456506.923365116,2051,46922.000000000,22.299279032,114.175792234,11.096603342,0.008493868,0.000738606,-0.008367003,0.015762362,-0.032332401,8.609966924
1556456507.922435045,2051,46923.000000000,22.299279074,114.175792502,10.985192982,0.020167208,0.098315457,-0.016019558,0.012464749,0.057982190,8.615569036
1556456508.922590971,2051,46924.000000000,22.299282807,114.175795470,9.759145358,0.156415602,0.885045496,0.009610185,-0.018740231,0.323418294,8.584316674
1556456509.922657967,2051,46925.000000000,22.299297801,114.175798606,9.313333259,0.371820727,2.292190415,0.009001937,0.038222538,0.487312306,8.271001304
1556456510.922707081,2051,46926.000000000,22.299318464,114.175802494,8.889013094,0.344405171,2.157203360,0.015137329,-0.027595514,0.099539307,7.915729095
1556456511.922858000,2051,46927.000000000,22.299332674,114.175805228,8.461381502,0.167124365,1.066766692,0.001464665,-0.122235006,0.076781082,7.667735331
1556456512.923006058,2051,46928.000000000,22.299341593,114.175806761,8.438321795,0.186073444,1.081857908,0.008246679,-0.031823939,0.271833178,7.509252981
1556456513.923083067,2051,46929.000000000,22.299353673,114.175809085,8.439637838,0.268198146,1.922585301,0.021191017,0.272154679,0.484481964,7.260512092
1556456514.923181057,2051,46930.000000000,22.299375033,114.175812849,8.452741599,0.430965964,2.927905997,0.006789007,-0.100018915,0.601670892,6.979424900
1556456515.923278093,2051,46931.000000000,22.299405280,114.175817904,8.464298074,0.558163187,3.884079796,0.014054398,-0.540903922,0.389719657,6.983787536
1556456516.922377110,2051,46932.000000000,22.299443405,114.175824466,8.471017734,0.689355713,4.701482585,0.057795337,-0.083289211,0.852064649,7.565607573
1556456517.922527075,2051,46933.000000000,22.299489391,114.175832896,8.507909820,0.983573710,5.429146456,-0.023922791,-1.056431374,0.535767414,9.205427896
1556456518.922586918,2051,46934.000000000,22.299542142,114.175844338,8.509025427,1.208935879,6.217765130,0.066536983,-1.354738079,0.144846754,10.398002246
1556456519.922816038,2051,46935.000000000,22.299600666,114.175858516,8.507723588,1.567934876,6.687983809,0.015868126,-1.251141721,0.170492366,11.966671822
1556456520.922724962,2051,46936.000000000,22.299664086,114.175875338,8.533023115,1.936690505,7.247419896,0.047227331,-1.575468301,0.115078881,13.210359545
1556456521.922868967,2051,46937.000000000,22.299732135,114.175894937,8.541434515,2.243078907,7.780240439,-0.056617367,-1.411725592,-0.023855774,14.254694273
1556456522.922986031,2051,46938.000000000,22.299805084,114.175916921,8.549919049,2.373212040,8.383575923,0.037192804,-1.464900879,0.216911743,14.496349602
1556456523.923120975,2051,46939.000000000,22.299882162,114.175940435,8.582792178,2.554639329,8.701851747,-0.025323986,-1.307338995,0.046290609,14.805501122
1556456524.923207045,2051,46940.000000000,22.299962291,114.175966040,8.589899771,2.625798094,9.100808776,0.001090920,-1.103674963,-0.085372612,15.214512157
1556456525.922353983,2051,46941.000000000,22.300046025,114.175992578,8.610926712,2.821059746,9.469190821,0.042798483,-0.886505634,0.175842392,15.367158364
1556456526.922465086,2051,46942.000000000,22.300132704,114.176020682,8.651122649,2.980586607,9.710335805,-0.027464462,-0.614611466,0.179946970,15.694263266
1556456527.922494888,2051,46943.000000000,22.300221452,114.176050149,8.658433561,3.167145819,9.902674247,0.080324129,-1.703993292,-0.042314259,16.253609988
1556456528.922601938,2051,46944.000000000,22.300310360,114.176080169,8.701230133,2.947584483,9.858038303,0.031996711,-1.757063925,-0.002682337,15.681762008
1556456529.922729969,2051,46945.000000000,22.300399467,114.176108207,8.754619961,2.839767539,9.893703562,0.133710016,-1.776133657,0.126879120,14.750640982
1556456530.922811031,2051,46946.000000000,22.300487365,114.176135886,8.795926647,2.864801705,10.002914961,0.019874078,-0.534822089,0.313134801,15.176933801
1556456531.922928095,2051,46947.000000000,22.300578688,114.176165687,8.859062565,3.131799231,9.934964022,0.077967676,-0.961096144,0.318805787,15.917378284
1556456532.923039913,2051,46948.000000000,22.300668226,114.176195753,8.908204030,3.175356828,10.153273508,0.029182009,-1.217885111,-0.035273771,15.940670908
1556456533.923170090,2051,46949.000000000,22.300761837,114.176227106,8.934005645,3.213607106,10.239569173,-0.072305421,-0.669517050,-0.196618561,16.206008126
1556456534.922280073,2051,46950.000000000,22.300853697,114.176258610,8.977414175,3.277842407,10.373612524,0.079000982,-0.604352916,0.252073538,16.274345157
1556456535.922451973,2051,46951.000000000,22.300949648,114.176291599,9.042321463,3.348219143,10.496379441,0.125212853,-0.091835338,-0.004487351,16.254569638
1556456536.922389030,2051,46952.000000000,22.301044185,114.176324051,9.095736271,3.473099444,10.694856976,0.063982603,-0.415052958,-0.050655919,16.436748714
1556456537.922550917,2051,46953.000000000,22.301142996,114.176358781,9.184039671,3.622367223,10.861725103,0.042906371,-0.415221590,0.254428899,16.727002971
1556456538.922605991,2051,46954.000000000,22.301241995,114.176393980,9.252962955,3.582041308,10.985623359,0.076855555,-0.276166785,0.241900298,16.847424807
1556456539.922734022,2051,46955.000000000,22.301342446,114.176429697,9.316086046,3.656633355,11.127545909,-0.007075533,-0.271216129,0.035737080,16.576799819
1556456540.922871113,2051,46956.000000000,22.301445255,114.176464276,9.381464989,3.583732253,11.350479176,0.077764202,-0.355566590,0.191933296,15.982730844
1556456541.922974110,2051,46957.000000000,22.301548733,114.176499071,9.447706479,3.583271685,11.416995852,0.033167795,-0.280792322,-0.141642639,15.815278530
1556456542.923029900,2051,46958.000000000,22.301652802,114.176534164,9.522098348,3.634414347,11.486745598,0.112326905,-0.284447537,-0.016247111,15.844520695
1556456543.922174931,2051,46959.000000000,22.301757312,114.176569565,9.613469075,3.650886743,11.595769505,0.031288034,-0.422431268,0.051187881,16.077259791
1556456544.922316074,2051,46960.000000000,22.301860116,114.176605240,9.682735644,3.798932426,11.546200698,0.065677392,-1.139453919,0.250452651,16.871000367
1556456545.922475100,2051,46961.000000000,22.301965942,114.176643838,9.781748302,3.982806955,11.751676252,0.256746442,-1.010767491,-0.046293170,17.333303007
1556456546.922455072,2051,46962.000000000,22.302068269,114.176681490,9.876505422,3.958944521,11.511913767,0.195924086,-0.554736586,0.422325419,17.223776407
1556456547.922595978,2051,46963.000000000,22.302170928,114.176719052,10.001143321,3.852858898,11.198615381,0.055883844,-0.388630775,-0.078283496,17.124917852
1556456548.922705889,2051,46964.000000000,22.302270339,114.176755784,10.094436907,3.793112117,10.827710578,0.141874751,-0.716442316,0.263236622,17.671373060
1556456549.922761917,2051,46965.000000000,22.302365898,114.176793149,10.200129997,3.840941018,10.018088751,0.041848196,-0.397175860,-0.012869048,19.219426196
1556456550.922915936,2051,46966.000000000,22.302452058,114.176830527,10.326927196,3.879820606,8.962670827,0.060754825,-0.341495097,-0.032472114,21.671981264
1556456551.923034906,2051,46967.000000000,22.302528700,114.176866554,10.455677087,3.775632041,7.726000059,0.125613696,-0.475877035,0.076117760,24.024446607
1556456552.922128916,2051,46968.000000000,22.302592303,114.176901818,10.587469771,3.391052594,6.228445548,0.158488371,-0.048677202,-0.025807938,26.413941348
1556456553.922164917,2051,46969.000000000,22.302644026,114.176929131,10.702464345,2.739357913,4.772919684,0.156942182,-0.195307410,0.368387447,27.080998856
1556456554.922313929,2051,46970.000000000,22.302683151,114.176948533,10.806345874,1.917894217,3.367054317,0.257564356,-0.267574696,0.467892611,27.515350380
1556456555.922446012,2051,46971.000000000,22.302709160,114.176962210,10.795915822,1.201293159,2.091621401,0.105216994,-0.560015460,0.388475436,27.814714734
1556456556.922527075,2051,46972.000000000,22.302725139,114.176970937,10.846831321,0.716041548,1.231098904,0.110303842,-0.638608417,0.203817130,27.967507842
1556456557.922732115,2051,46973.000000000,22.302733485,114.176975981,10.904688512,0.339659539,0.569633375,0.109371318,-0.642373987,0.234668180,28.098057380
1556456558.922703981,2051,46974.000000000,22.302735876,114.176977692,10.953679075,-0.007500564,-0.044745155,0.099620682,-0.612673727,0.311773306,28.130112868
1556456559.922858000,2051,46975.000000000,22.302735795,114.176977990,10.980492114,0.004052888,-0.006337909,0.098070765,-0.619504561,0.372812564,28.134273158
1556456560.922916889,2051,46976.000000000,22.302735645,114.176978317,11.001243749,0.008741646,-0.008741103,0.091143117,-0.617700570,0.374640448,28.145951553
1556456561.921964884,2051,46977.000000000,22.302735608,114.176978622,10.994110759,-0.000283640,0.002314774,0.089982109,-0.616395626,0.370590130,28.149454960
1556456562.922175884,2051,46978.000000000,22.302735494,114.176978674,10.889986917,0.007358640,-0.002274222,0.072836034,-0.616196796,0.374606763,28.148824292
1556456563.922276020,2051,46979.000000000,22.302735206,114.176978803,10.518189524,0.000647526,-0.001935167,0.041734087,-0.614868928,0.373131123,28.149729617
1556456564.812252998,2051,46980.000000000,22.302734980,114.176978916,10.204641907,-0.001083682,0.001895677,0.019481755,-0.614689375,0.374734063,28.151142657
1556456565.822438955,2051,46981.000000000,22.302734939,114.176978928,10.134565477,0.001658509,0.000712484,-0.007052103,-0.617068844,0.377496673,28.151627538
1556456566.822515965,2051,46982.000000000,22.302734959,114.176978942,10.097975610,-0.002450792,0.000929732,-0.002162091,-0.611283510,0.376708005,28.162165623
1556456567.812680960,2051,46983.000000000,22.302734995,114.176978946,10.075116239,0.002606232,-0.002028461,-0.007600462,-0.604646771,0.382354810,28.190422455
1556456568.822748899,2051,46984.000000000,22.302735032,114.176978952,10.059625504,0.003895311,-0.003924622,-0.002845904,-0.607373985,0.379919360,28.183230366
1556456569.812834024,2051,46985.000000000,22.302735060,114.176978957,10.048509553,-0.003905823,0.001359054,0.005050205,-0.611228724,0.381379878,28.172613309
1556456570.811985016,2051,46986.000000000,22.302735081,114.176978958,10.040151587,-0.007575578,0.004017972,0.002373308,-0.610227263,0.377195652,28.167882659
1556456571.822037935,2051,46987.000000000,22.302735096,114.176978958,10.033332473,-0.003980398,0.003033884,0.003584978,-0.609135804,0.381612453,28.170143636
1556456572.822165966,2051,46988.000000000,22.302735106,114.176978957,10.027538987,-0.002189485,-0.001461959,0.002699478,-0.610328151,0.377948092,28.168005617
1556456573.822273970,2051,46989.000000000,22.302735112,114.176978954,10.022472438,-0.001285395,-0.002118031,-0.003698737,-0.615935654,0.380463321,28.163085302
1556456574.822297096,2051,46990.000000000,22.302735116,114.176978951,10.017982499,0.006566686,-0.005383429,-0.004082800,-0.611793036,0.378838048,28.164440660
1556456575.822588921,2051,46991.000000000,22.302735119,114.176978949,10.014015622,0.006221215,-0.004913871,-0.001165497,-0.614009626,0.379117310,28.163305122
1556456576.822591066,2051,46992.000000000,22.302735121,114.176978948,10.010490997,0.001120455,0.000266586,0.001789777,-0.615102139,0.377992765,28.163648751
1556456577.822675943,2051,46993.000000000,22.302735124,114.176978949,10.007279744,-0.001601084,0.006180561,0.001979784,-0.618377975,0.378624968,28.163257892
1556456578.822774887,2051,46994.000000000,22.302735127,114.176978949,10.004355852,-0.004714148,0.003429003,0.002696194,-0.618776320,0.380844411,28.163893588
1556456579.821945906,2051,46995.000000000,22.302735130,114.176978950,10.001808917,-0.003890754,0.003094517,0.005895075,-0.618440678,0.381494103,28.163707923
1556456580.822069883,2051,46996.000000000,22.302735133,114.176978950,9.999522307,-0.004965137,0.004286948,0.003322376,-0.622384311,0.380397831,28.163051598
1556456581.822103977,2051,46997.000000000,22.302735136,114.176978950,9.997287233,-0.004698302,0.000144921,-0.002424024,-0.619978157,0.383720441,28.164643418
1556456582.812187910,2051,46998.000000000,22.302735138,114.176978949,9.995095029,-0.007718585,0.004111640,-0.001314726,-0.620723296,0.378516198,28.162595236
1556456583.812411070,2051,46999.000000000,22.302735140,114.176978948,9.992897997,0.005627257,-0.003679225,-0.004390711,-0.619005279,0.382813715,28.163668764
1556456584.822398901,2051,47000.000000000,22.302735141,114.176978947,9.990728795,-0.001964941,0.001472399,-0.001371381,-0.618422230,0.380076348,28.162325273
1556456585.812608004,2051,47001.000000000,22.302735142,114.176978946,9.988577927,-0.007806630,-0.001314504,-0.002880479,-0.621479815,0.381297764,28.161489123
1556456586.812648058,2051,47002.000000000,22.302735144,114.176978943,9.986554172,-0.008850126,0.002833255,0.003900228,-0.619159115,0.376210490,28.162303438
1556456587.822797060,2051,47003.000000000,22.302735145,114.176978939,9.984701120,0.000249124,-0.005701630,-0.003975144,-0.619282148,0.375137124,28.161763965
1556456588.822016001,2051,47004.000000000,22.302735146,114.176978935,9.983026174,-0.000752002,-0.005223332,-0.002112433,-0.614986989,0.376959037,28.162374685
1556456589.811992884,2051,47005.000000000,22.302735147,114.176978930,9.981498634,-0.003046475,-0.002251056,0.001345665,-0.611585004,0.367859041,28.162224865
1556456590.822211981,2051,47006.000000000,22.302735148,114.176978926,9.980140875,-0.006500730,0.005194624,0.008584817,-0.611189473,0.369064163,28.160762180
1556456591.822124004,2051,47007.000000000,22.302735149,114.176978922,9.978935078,-0.005909511,0.003630589,0.005696101,-0.610224594,0.366663000,28.162200995
1556456592.822289944,2051,47008.000000000,22.302735150,114.176978919,9.977846214,-0.000008755,0.000446181,0.004568203,-0.610613004,0.368619793,28.160346797
1556456593.822434902,2051,47009.000000000,22.302735151,114.176978916,9.976835416,0.004666110,-0.003039500,-0.001653603,-0.607662004,0.371252712,28.161314017
1556456594.822402000,2051,47010.000000000,22.302735153,114.176978914,9.975801209,0.006414018,-0.002750150,-0.007308456,-0.606499891,0.373567240,28.161248776
1556456595.812722921,2051,47011.000000000,22.302735155,114.176978911,9.974762077,0.005118922,-0.002991473,-0.004960954,-0.605677332,0.375444540,28.162110463
1556456596.822571993,2051,47012.000000000,22.302735157,114.176978910,9.973727809,0.004886815,-0.002466859,-0.003477122,-0.604636188,0.376614953,28.161950716
1556456597.821816921,2051,47013.000000000,22.302735159,114.176978908,9.972716679,0.005334314,-0.003028610,-0.001852127,-0.604312335,0.376321941,28.162293498
1556456598.821836948,2051,47014.000000000,22.302735160,114.176978908,9.971687759,-0.006109661,0.001817227,0.000812813,-0.608359668,0.375789893,28.164997547
1556456599.821933985,2051,47015.000000000,22.302735162,114.176978908,9.970629837,0.002046494,-0.003936231,-0.008694786,-0.607761910,0.378842129,28.162578298
1556456600.822179079,2051,47016.000000000,22.302735164,114.176978907,9.969569867,0.007735034,-0.004914921,-0.003155878,-0.608947459,0.376461205,28.160505371
1556456601.822276115,2051,47017.000000000,22.302735166,114.176978907,9.968516239,-0.001046218,-0.002338314,-0.006293171,-0.610472499,0.375682154,28.161049384
1556456602.812316895,2051,47018.000000000,22.302735170,114.176978908,9.967453816,0.048910583,0.082459767,0.001816380,-0.612624833,0.447288297,28.164747809
1556456603.812366962,2051,47019.000000000,22.302735736,114.176980219,9.428303602,0.224046676,0.409458187,-0.006544963,-0.669423256,0.514899782,28.220418867
1556456604.822644949,2051,47020.000000000,22.302738962,114.176985886,8.441122569,0.769730344,1.374584645,0.012458891,-0.641058441,0.913041949,28.167061320
1556456605.812800884,2051,47021.000000000,22.302752319,114.176999427,7.116643270,1.402467626,2.535323020,0.014669032,-0.605264665,0.785709950,27.920277289
1556456606.821677923,2051,47022.000000000,22.302774350,114.177018402,5.712236756,1.940749884,3.388327798,-0.069204439,0.024606221,0.201532017,27.460406004
1556456607.821989059,2051,47023.000000000,22.302808251,114.177038498,5.624131641,2.092284923,4.088947256,-0.013399254,0.800897701,-0.340033391,26.845959956
1556456608.822099924,2051,47024.000000000,22.302846093,114.177060111,5.587066194,2.286242600,4.290858205,0.011576658,0.594560178,0.185599091,27.216823245
1556456609.822156906,2051,47025.000000000,22.302884421,114.177085026,5.603971004,2.919863670,4.024356088,0.035991102,0.791068544,0.537603909,32.585676604
1556456610.822180986,2051,47026.000000000,22.302917923,114.177116400,5.624963778,3.608902764,3.178198345,-0.019977109,0.752898891,0.304531344,44.473813261
1556456611.812282085,2051,47027.000000000,22.302944001,114.177154077,5.597770386,4.116545772,2.344086279,-0.056475838,-0.319168601,-0.093745981,57.140651812
1556456612.822314978,2051,47028.000000000,22.302960953,114.177199432,5.557892337,5.019664042,1.279202643,-0.018729658,0.386831806,-0.553602604,72.625950642
1556456613.822506905,2051,47029.000000000,22.302964749,114.177251393,5.487996114,5.529312748,-0.596781607,-0.039934154,0.121413999,-0.330695735,92.157920548
1556456614.822556973,2051,47030.000000000,22.302952433,114.177306739,5.375007789,5.908071209,-1.925092085,-0.067131266,0.057683373,-0.349830787,106.624797668
1556456615.821604967,2051,47031.000000000,22.302929080,114.177366819,5.279048866,6.377067760,-2.826566093,-0.152272683,-1.363459725,-0.516569140,113.475012962
1556456616.821723938,2051,47032.000000000,22.302900854,114.177433446,5.259926415,7.164145779,-3.080545254,0.040777713,-1.726441984,0.326803288,112.272051498
1556456617.821866035,2051,47033.000000000,22.302871127,114.177501151,5.258573034,6.783555034,-3.393197377,0.032545695,-1.753788919,0.224798300,114.960634009
1556456618.822001934,2051,47034.000000000,22.302840083,114.177568073,5.270707895,7.191574312,-3.528580943,-0.009467592,-1.490528187,0.272667418,114.872240511
1556456619.822232962,2051,47035.000000000,22.302808883,114.177641269,5.289333716,7.983461614,-3.466526256,0.029467184,-1.351741651,0.328678117,112.069810243
1556456620.822170019,2051,47036.000000000,22.302779662,114.177722496,5.301033489,8.679918136,-3.011073314,-0.101156086,-1.760028379,0.274140933,108.445626680
1556456621.812292099,2051,47037.000000000,22.302750746,114.177812075,5.313674547,9.621508399,-3.594935755,0.032403572,-1.684736215,0.806647628,108.210717419
1556456622.822386980,2051,47038.000000000,22.302717057,114.177910254,5.366293703,10.403871418,-3.989987802,0.046010770,-0.600636286,0.616529084,109.378845135
1556456623.812448978,2051,47039.000000000,22.302679130,114.178013617,5.429199651,10.650551153,-4.371076571,0.064875907,-0.624045947,0.522041942,110.915889294
1556456624.821625948,2051,47040.000000000,22.302639005,114.178116957,5.556386940,10.444347070,-4.509736028,0.271412187,-1.502175924,1.315124450,111.726738705
1556456625.821686029,2051,47041.000000000,22.302600132,114.178216271,5.855057667,9.949403450,-4.221289086,0.460250503,-1.253371593,2.158354177,111.023646071
1556456626.821724892,2051,47042.000000000,22.302565809,114.178310482,6.237881074,9.410458607,-3.530525217,0.394310702,-1.507387567,2.296457311,109.412971423
1556456627.812200069,2051,47043.000000000,22.302536227,114.178398479,6.674932156,8.739581050,-3.019193537,0.463353755,-2.037066353,3.044800259,107.816798382
1556456628.821959019,2051,47044.000000000,22.302513548,114.178483611,7.221278668,8.597589529,-2.618489663,0.444873424,-1.943359228,2.791577898,105.886569956
1556456629.822041988,2051,47045.000000000,22.302490921,114.178567514,7.637071812,8.732991291,-2.478231921,0.467756676,-2.091865242,3.143532430,104.521765581
1556456630.922378063,2051,47046.000000000,22.302470259,114.178653411,8.018848945,8.873381302,-2.067644519,0.352472507,-2.613336773,2.216715858,102.195115385
1556456631.922461987,2051,47047.000000000,22.302453808,114.178736524,8.275171043,8.124821701,-1.474876414,0.122347929,-0.587091361,0.696102631,99.203574847
1556456632.922342062,2051,47048.000000000,22.302443141,114.178808163,8.330903824,6.538970265,-0.939411764,0.026766586,-1.451813045,-0.118143742,97.210296262
1556456633.921530962,2051,47049.000000000,22.302436274,114.178862774,8.339327547,4.566621261,-0.664558824,0.022719474,-1.348022342,-0.482705739,96.073091696
1556456634.921593904,2051,47050.000000000,22.302432391,114.178897620,8.333660674,2.511456098,-0.293258659,-0.012634159,-1.281907874,-0.892181040,95.527373164
1556456635.921657085,2051,47051.000000000,22.302430916,114.178912473,8.320211317,0.605584107,-0.082646464,0.004942490,-1.460193487,-0.847038869,95.295416814
1556456636.921808958,2051,47052.000000000,22.302431018,114.178913489,8.328972294,-0.080697150,-0.003726521,0.022669407,-1.446210224,-0.631556180,95.283346188
1556456637.921905994,2051,47053.000000000,22.302431126,114.178913160,8.331561769,-0.086265693,0.003460234,0.016907542,-1.445068465,-0.640874816,95.288551395
1556456638.922018051,2051,47054.000000000,22.302431868,114.178914892,8.309970454,-0.065794934,0.020321335,0.019560452,-1.447373831,-0.651883265,95.306941186
1556456639.922148943,2051,47055.000000000,22.302431912,114.178914648,8.320850725,-0.067406410,0.005853888,0.015153167,-1.446815850,-0.647051952,95.307855771
1556456640.922342062,2051,47056.000000000,22.302431784,114.178915238,8.310750505,-0.055849599,0.007781674,0.013713043,-1.447171940,-0.656770218,95.309779335
1556456641.922637939,2051,47057.000000000,22.302431552,114.178916892,8.259940995,-0.032527699,0.007324226,0.007824407,-1.445695658,-0.661478430,95.317272881
1556456642.921426058,2051,47058.000000000,22.302431612,114.178918035,8.213365749,-0.013742382,0.006254651,0.003717018,-1.443788570,-0.662905164,95.323240276
1556456643.921600103,2051,47059.000000000,22.302431516,114.178918272,8.197675616,-0.000485924,0.002930355,-0.002932912,-1.442801957,-0.673753130,95.324148241
1556456644.921596050,2051,47060.000000000,22.302431459,114.178918389,8.188945203,-0.003404458,0.008705553,-0.004867774,-1.443460842,-0.673379421,95.319428599
1556456645.921806097,2051,47061.000000000,22.302431437,114.178918443,8.183218144,-0.001433354,0.001269718,-0.003078325,-1.432238036,-0.675495880,95.333977880
1556456646.921873093,2051,47062.000000000,22.302431424,114.178918469,8.178972245,-0.001237156,-0.004018180,-0.002926754,-1.436572935,-0.676765526,95.329376948
1556456647.922338009,2051,47063.000000000,22.302431384,114.178918718,8.174968029,0.399090828,-0.053838704,-0.007606063,-1.435199539,-0.565996454,95.298271598
1556456648.922004938,2051,47064.000000000,22.302429807,114.178933103,8.132010024,2.318387363,-0.248989403,-0.039346411,-1.401755702,-0.477202052,95.194653139
1556456649.922132969,2051,47065.000000000,22.302426919,114.178961844,8.080672444,3.546005956,-0.360712886,-0.062957778,-1.417573356,-0.901861861,95.047071844
1556456650.922329903,2051,47066.000000000,22.302423112,114.179000728,7.986008883,4.451790423,-0.420101095,-0.115621673,-1.417823889,-1.394095814,94.860636733
1556456651.921364069,2051,47067.000000000,22.302418963,114.179047483,7.853350916,5.214940348,-0.441107171,-0.151529351,-1.896310054,-1.344335047,94.085794430
1556456652.931435108,2051,47068.000000000,22.302415494,114.179102278,7.676401086,6.038747925,-0.317583330,-0.216378586,-2.586825732,-1.861478521,92.327672572
1556456653.921602011,2051,47069.000000000,22.302413538,114.179162368,7.429874028,6.314025319,-0.088172030,-0.276175231,-3.343213290,-2.593706550,90.688360319
1556456654.921629906,2051,47070.000000000,22.302411822,114.179226193,7.094286751,6.808122926,-0.378119917,-0.338762832,-3.442628821,-3.337886644,91.077885422
1556456655.921767950,2051,47071.000000000,22.302406587,114.179293140,6.706948875,7.018617434,-0.925693596,-0.440867637,-1.716596073,-3.339480631,95.490469297
1556456656.931869030,2051,47072.000000000,22.302394443,114.179361385,6.318091523,7.058397836,-1.804068607,-0.451719967,1.192495883,-2.577740821,102.132550029
1556456657.932010889,2051,47073.000000000,22.302371732,114.179429371,5.887502989,6.873924595,-3.265443579,-0.528234529,3.713752654,-3.684850282,112.876782352
1556456658.932065964,2051,47074.000000000,22.302333074,114.179492086,5.353010309,5.856512563,-5.331781681,-0.512104409,4.174078043,-3.472365185,129.419277853
1556456659.932172060,2051,47075.000000000,22.302276787,114.179541723,4.910045879,4.194943865,-6.996264697,-0.352340111,4.476311247,-1.978701719,146.126364470
1556456660.931222916,2051,47076.000000000,22.302209313,114.179574175,4.699290146,2.332145437,-7.817593436,-0.061450225,4.174288997,-0.031974304,160.947264722
1556456661.931366920,2051,47077.000000000,22.302139228,114.179589377,4.778819421,1.035816339,-7.789946453,0.149955624,3.904079790,1.339865333,170.588629385
1556456662.931480885,2051,47078.000000000,22.302068814,114.179596301,5.076368105,0.547872611,-7.459225664,0.378996908,3.359270413,2.753218626,174.256379960
1556456663.931612015,2051,47079.000000000,22.302007512,114.179600780,5.424316972,0.361344825,-6.167024835,0.286587988,1.307773443,1.970301739,175.043549513
1556456664.931721926,2051,47080.000000000,22.301959347,114.179603119,5.600377941,0.073260074,-4.303430127,0.095016729,0.199092187,0.481712305,176.584532080
1556456665.931812048,2051,47081.000000000,22.301929535,114.179603645,5.649409159,-0.019911903,-2.296402032,0.031663269,0.164268665,0.213441652,177.112114750
1556456666.931940079,2051,47082.000000000,22.301915827,114.179604136,5.675420373,-0.076580480,-0.652504579,0.028095312,-0.027659572,0.398783875,177.270543662
1556456667.932029009,2051,47083.000000000,22.301914065,114.179604784,5.692991501,-0.090648077,-0.066090244,0.020304936,-0.045067181,0.717886862,177.297542936
1556456668.922197104,2051,47084.000000000,22.301911234,114.179605143,5.713304239,-0.060322314,-0.419977768,0.019985651,-0.111266603,0.751018015,177.332438907
1556456669.931341887,2051,47085.000000000,22.301905670,114.179605529,5.739139056,-0.057899325,-0.498359187,0.024015703,-0.184580965,0.751161353,177.404379098
1556456670.931309938,2051,47086.000000000,22.301900838,114.179606742,5.765452543,-0.044456005,-0.436069595,0.025242907,-0.233514427,0.791640359,177.469957928
1556456671.931492090,2051,47087.000000000,22.301895242,114.179607823,5.802205767,-0.019849472,-0.778647337,0.034856073,-0.255731518,0.866790990,177.550891369
1556456672.931585073,2051,47088.000000000,22.301882787,114.179608548,5.844362952,-0.011615947,-2.031487279,0.053282114,-0.492444804,1.055714871,177.847081538
1556456673.931808949,2051,47089.000000000,22.301858588,114.179609104,5.905645431,-0.024819417,-3.343575017,0.076859029,-0.602387577,1.294206483,178.703978726
1556456674.931740999,2051,47090.000000000,22.301822652,114.179608898,5.978285836,-0.134544853,-4.529010643,0.086994513,-0.605005444,0.680452875,180.303849087
1556456675.932015896,2051,47091.000000000,22.301778207,114.179604913,6.040409689,-0.784374141,-5.173937124,0.063839217,-0.764323601,0.632435857,186.063490076
1556456676.931987047,2051,47092.000000000,22.301728616,114.179593116,6.082526943,-1.775414988,-5.556505082,-0.047686879,0.569298431,-0.787739114,193.493686637
1556456677.922209978,2051,47093.000000000,22.301675805,114.179572218,5.863929276,-2.646861312,-5.796833773,-0.277090887,0.231391734,-2.389460182,202.279977031
1556456678.931250095,2051,47094.000000000,22.301626045,114.179542317,5.847095904,-3.527006683,-5.094498036,0.503685998,-2.539825122,3.357659520,213.053813547
1556456679.931643009,2051,47095.000000000,22.301583944,114.179504867,6.217251644,-4.151353383,-4.548171602,0.287062239,-1.197829608,2.668721694,220.665121222
1556456680.931392908,2051,47096.000000000,22.301542359,114.179461174,6.468294228,-4.890664395,-4.681054662,0.252645114,-0.984591671,1.476706558,224.175616022
1556456681.931473017,2051,47097.000000000,22.301498035,114.179412060,6.569642093,-5.432045323,-5.135132090,0.103597308,-1.666951935,-0.033254256,225.213951569
1556456682.931552887,2051,47098.000000000,22.301450383,114.179357628,6.588434719,-5.804159350,-5.378135136,-0.041622763,-1.741322715,-0.236424745,225.912972797
1556456683.921678066,2051,47099.000000000,22.301401136,114.179299628,6.570956564,-6.116843006,-5.494342807,0.065748109,-1.297700564,-0.409284247,226.869987994
1556456684.931760073,2051,47100.000000000,22.301353028,114.179241359,6.542167533,-5.744822226,-5.112241565,-0.025709775,-1.838815783,-0.134794934,227.631498568
1556456685.921905041,2051,47101.000000000,22.301310905,114.179189445,6.551934823,-5.062309613,-4.358483182,0.042541801,-2.078312931,0.005089418,227.763147016
1556456686.931921005,2051,47102.000000000,22.301273607,114.179143572,6.595947571,-4.234333444,-3.654818226,0.021409717,-2.030659932,-0.119520514,227.416458039
1556456687.921070099,2051,47103.000000000,22.301243483,114.179106793,6.650916228,-3.360628911,-2.944065232,0.015365884,-1.916896098,-0.010510430,227.234819585
1556456688.931199074,2051,47104.000000000,22.301220668,114.179078971,6.705534690,-2.335444215,-2.121528625,0.038219256,-2.306127888,-0.290012982,227.516774928
1556456689.931296110,2051,47105.000000000,22.301205196,114.179059574,6.750843323,-1.718704466,-1.473039567,0.052737004,-2.077950969,0.077648812,227.788317961
1556456690.931421995,2051,47106.000000000,22.301195110,114.179046664,6.806096512,-0.949458913,-0.810610717,0.049425811,-1.789106243,-0.037340915,228.272835424
1556456691.921456099,2051,47107.000000000,22.301189941,114.179039884,6.851348598,-0.504750485,-0.402622061,0.052330840,-1.614094723,0.076473941,228.468376918
1556456692.921576023,2051,47108.000000000,22.301188010,114.179037803,6.894557156,-0.103293212,-0.068198855,0.052214473,-1.485525494,0.131366858,228.519840015
1556456693.921719074,2051,47109.000000000,22.301187965,114.179038102,6.940073798,-0.029903535,-0.011426956,0.046964034,-1.504155218,0.201368222,228.524687672
1556456694.921843052,2051,47110.000000000,22.301187906,114.179038397,6.983466539,-0.026206893,-0.018607965,0.045524556,-1.502936427,0.192750649,228.526244955
1556456695.922116041,2051,47111.000000000,22.301187884,114.179038514,7.023720091,-0.028077048,-0.019626952,0.042371241,-1.511102879,0.198281796,228.526334803
1556456696.921148062,2051,47112.000000000,22.301187854,114.179038542,6.942010922,-0.029244939,-0.020129063,0.033961689,-1.510514247,0.193094297,228.525861810
1556456697.921147108,2051,47113.000000000,22.301188456,114.179039220,6.662731730,-0.022069978,-0.016065570,0.019583899,-1.503791146,0.195920073,228.523698232
1556456698.931406975,2051,47114.000000000,22.301189145,114.179039819,6.440419586,-0.017016097,-0.006923416,0.005034350,-1.507980786,0.198791395,228.523646793
1556456699.931361914,2051,47115.000000000,22.301189352,114.179040035,6.405082176,-0.006125857,0.003386045,-0.001860004,-1.504532641,0.201919728,228.522283167
1556456700.921541929,2051,47116.000000000,22.301189444,114.179040125,6.384655222,-0.004892540,0.000352239,-0.008616821,-1.511269430,0.205716042,228.522611552
1556456701.931582928,2051,47117.000000000,22.301189448,114.179040149,6.369354396,-0.005773250,0.002276877,-0.010442348,-1.507236129,0.209418497,228.525421369
1556456702.931710958,2051,47118.000000000,22.301189402,114.179040133,6.355466086,-0.006862908,0.005274138,-0.007616136,-1.505756144,0.211517120,228.524261066
1556456703.931946993,2051,47119.000000000,22.301189331,114.179040101,6.342026718,-0.002416462,-0.004656026,-0.002231507,-1.503108738,0.209293991,228.526127539
1556456704.931832075,2051,47120.000000000,22.301189249,114.179040052,6.328545704,-0.005487946,-0.001555527,-0.003309110,-1.508900019,0.215220800,228.526857523
1556456705.931029081,2051,47121.000000000,22.301189160,114.179039994,6.314835211,-0.006915613,-0.001426402,-0.003481214,-1.506014051,0.220374986,228.525357301
1556456706.921062946,2051,47122.000000000,22.301189068,114.179039931,6.301260736,-0.005216073,-0.001877443,-0.000031072,-1.506799678,0.224314519,228.525879552
1556456707.921227932,2051,47123.000000000,22.301188976,114.179039868,6.288246321,-0.002325081,-0.002274696,0.000783958,-1.511505629,0.227510838,228.526361644
1556456708.931334972,2051,47124.000000000,22.301188888,114.179039808,6.275952461,-0.002628921,0.000426267,0.000023254,-1.508309593,0.228767151,228.525903622
1556456709.921384096,2051,47125.000000000,22.301188805,114.179039752,6.264449549,-0.001108750,-0.002196241,0.001872046,-1.506254080,0.226501630,228.524941649
1556456710.931775093,2051,47126.000000000,22.301188726,114.179039701,6.253776830,0.001024336,-0.003940222,0.002946938,-1.505437677,0.222353987,228.527439491
1556456711.921756983,2051,47127.000000000,22.301188654,114.179039652,6.243818712,0.001035475,-0.003379642,0.001555984,-1.501984727,0.223886106,228.525907113
1556456712.931737900,2051,47128.000000000,22.301188587,114.179039607,6.234481439,0.005214841,-0.007943751,0.001667734,-1.505322513,0.223849418,228.526450137
1556456713.921838999,2051,47129.000000000,22.301188523,114.179039565,6.225745001,0.002519221,-0.006261407,0.004022475,-1.503343961,0.219196698,228.526751517
1556456714.930946112,2051,47130.000000000,22.301188465,114.179039525,6.217601615,-0.000435657,-0.003329865,0.002659328,-1.501750908,0.221708022,228.525159657
1556456715.931020021,2051,47131.000000000,22.301188412,114.179039487,6.210023685,0.000131915,0.000253869,0.001187031,-1.500925347,0.218876824,228.525306164
1556456716.931081057,2051,47132.000000000,22.301188363,114.179039450,6.202915449,-0.002958321,-0.000302610,-0.002398634,-1.503707220,0.218061681,228.526674340
1556456717.921154022,2051,47133.000000000,22.301188317,114.179039416,6.196182486,-0.002411155,0.002115282,-0.002009427,-1.502467032,0.218011819,228.527850445
1556456718.921437025,2051,47134.000000000,22.301188274,114.179039383,6.189800787,-0.006827582,0.003707720,-0.003972423,-1.504295362,0.219520366,228.526289833
1556456719.931421995,2051,47135.000000000,22.301188233,114.179039352,6.183790560,-0.004128011,0.003608225,-0.002199930,-1.499770183,0.220403090,228.528015229
1556456720.931494951,2051,47136.000000000,22.301188195,114.179039321,6.178083822,-0.000692186,-0.000364609,-0.000808835,-1.506784614,0.221262983,228.527741839
1556456721.931559086,2051,47137.000000000,22.301188159,114.179039293,6.172620496,-0.004248865,-0.001635708,-0.003646335,-1.505174210,0.220882508,228.528750945
1556456722.931752920,2051,47138.000000000,22.301188124,114.179039265,6.167429337,-0.004186558,0.000753388,-0.000282582,-1.503983039,0.224721301,228.528841060
1556456723.920958042,2051,47139.000000000,22.301188091,114.179039238,6.162503375,-0.003652285,0.002863311,0.001847702,-1.503772662,0.223865183,228.529487781
1556456724.930948019,2051,47140.000000000,22.301188058,114.179039213,6.157900381,-0.002621231,-0.001572007,0.003647921,-1.508628059,0.222450233,228.528978315
1556456725.921015024,2051,47141.000000000,22.301188026,114.179039190,6.153589055,-0.001871678,-0.002948513,-0.000579142,-1.507351044,0.224979633,228.528266085
1556456726.931133986,2051,47142.000000000,22.301187994,114.179039169,6.149551839,0.004810867,-0.007445364,0.006421929,-1.504481676,0.222446697,228.528890892
1556456727.931296110,2051,47143.000000000,22.301187964,114.179039149,6.145716453,-0.003020578,0.000636237,-0.002541557,-1.501303308,0.222715594,228.527442693
1556456728.931413889,2051,47144.000000000,22.301187934,114.179039130,6.142047694,-0.002825974,0.003714432,-0.002645872,-1.496688222,0.223483057,228.528769729
1556456729.931437016,2051,47145.000000000,22.301187906,114.179039112,6.138587072,-0.005326895,0.003643360,-0.001825629,-1.497307845,0.223464806,228.529041043
1556456730.931642056,2051,47146.000000000,22.301187880,114.179039094,6.135371154,0.000707545,0.002906523,0.005435126,-1.496895473,0.219544316,228.528436856
1556456731.931576014,2051,47147.000000000,22.301187856,114.179039077,6.132340970,-0.002151886,0.000972287,0.001390068,-1.500869846,0.219771812,228.529403698
1556456732.920793056,2051,47148.000000000,22.301187833,114.179039060,6.129432985,0.002659279,-0.004365840,0.001754065,-1.505873022,0.217327294,228.531073804
1556456733.930811882,2051,47149.000000000,22.301187809,114.179039044,6.126630595,0.004761647,-0.013380326,0.004158885,-1.503801402,0.213186609,228.530321201
1556456734.931133986,2051,47150.000000000,22.301187787,114.179039029,6.123970225,0.003444808,-0.007172435,0.005091703,-1.503042347,0.214270554,228.529653676
1556456735.921061993,2051,47151.000000000,22.301187764,114.179039015,6.121430319,-0.002954893,0.002911777,-0.000452322,-1.501827883,0.218021367,228.530295062
1556456736.931138992,2051,47152.000000000,22.301187743,114.179039002,6.119004251,-0.001534646,0.001452927,-0.003243269,-1.500434639,0.216863592,228.529691447
1556456737.931457996,2051,47153.000000000,22.301187722,114.179038989,6.116691907,-0.000554115,-0.000275852,-0.003417225,-1.498892427,0.216801632,228.529705763
1556456738.931425095,2051,47154.000000000,22.301187701,114.179038976,6.114538333,-0.003929918,0.002449444,-0.000756325,-1.495409262,0.215389307,228.528100755
1556456739.931560993,2051,47155.000000000,22.301187681,114.179038963,6.112530251,-0.006090819,0.002270400,-0.000031188,-1.490129032,0.219860881,228.530171868
1556456740.921607971,2051,47156.000000000,22.301187662,114.179038950,6.110639895,0.001751025,-0.005416248,0.002319694,-1.496040850,0.213404552,228.528444710
1556456741.930638075,2051,47157.000000000,22.301187616,114.179038903,6.108830293,-0.353166702,-0.291567518,-0.003328426,-1.426770353,0.386521752,228.572484863
1556456742.930823088,2051,47158.000000000,22.301178669,114.179028065,6.025425638,-1.490954940,-1.304525819,0.024637248,-1.589748400,0.790930459,228.765640574
1556456743.930891991,2051,47159.000000000,22.301163752,114.179008846,6.031395682,-2.355455231,-2.007877784,0.027120248,-1.254979009,0.608869031,228.853715225
1556456744.921142101,2051,47160.000000000,22.301143593,114.178983144,6.036072691,-2.821691430,-2.413449437,0.020931030,-1.120005175,0.417338472,228.481818865
1556456745.931072950,2051,47161.000000000,22.301121796,114.178956238,6.041904476,-2.658881171,-2.402352731,0.007118875,-1.125445906,0.426223785,227.185224664
1556456746.931325912,2051,47162.000000000,22.301099232,114.178932241,6.061955858,-2.141017547,-2.699736797,0.027382756,-0.360832991,0.612863990,220.015947007
1556456747.921305895,2051,47163.000000000,22.301072267,114.178915141,6.088578826,-1.285109809,-3.283288977,-0.005926405,-0.010920975,-0.060268228,202.674867349
1556456748.931468010,2051,47164.000000000,22.301040853,114.178910799,6.092218342,0.515948083,-3.505042855,-0.021502407,0.707991650,-0.518342108,176.656233024
1556456749.931489944,2051,47165.000000000,22.301010317,114.178924499,6.075182253,2.367964545,-3.272122182,-0.003399264,0.173134808,0.213467060,147.773665446
1556456750.930690050,2051,47166.000000000,22.300978231,114.178954549,6.069293988,3.646851140,-3.852883243,-0.012338257,-0.421359074,0.022577617,136.201578118
1556456751.930740118,2051,47167.000000000,22.300939594,114.178993398,6.068156878,4.319643836,-4.695886009,0.009558851,-0.775960028,0.224667996,136.481729645
1556456752.930811882,2051,47168.000000000,22.300893714,114.179037395,6.095319250,4.703112271,-5.486075687,0.043477810,-0.921787878,0.158418648,138.329692549
1556456753.930912971,2051,47169.000000000,22.300840928,114.179083409,6.110508245,4.728764671,-6.211196688,-0.031943206,-0.760665688,-0.058439670,141.364036004
1556456754.931036949,2051,47170.000000000,22.300782156,114.179130486,6.109773384,4.987677955,-6.756348040,0.100231872,-0.897684122,0.231971063,142.583054841
1556456755.931112051,2051,47171.000000000,22.300719581,114.179180868,6.143101188,5.256656857,-7.026266610,0.017837775,-0.767786829,0.140787402,142.013000421
1556456756.931253910,2051,47172.000000000,22.300655952,114.179234002,6.177350637,5.579737905,-7.054324298,0.029536359,-0.953938068,0.223093674,140.491407370
1556456757.931355953,2051,47173.000000000,22.300592777,114.179289349,6.215890132,5.809322716,-7.070798232,0.030790456,-0.428769614,-0.045348286,139.509798146
1556456758.931550026,2051,47174.000000000,22.300528890,114.179345677,6.237276511,5.820032271,-7.080640966,0.029264779,-0.122567265,0.247823734,139.517565852
1556456759.930592060,2051,47175.000000000,22.300464390,114.179402873,6.279396445,5.886116303,-7.130122055,-0.018801189,0.189268494,0.010604806,138.945177474
1556456760.930641890,2051,47176.000000000,22.300400318,114.179461466,6.285035176,6.022550208,-6.988043743,0.028602432,-0.363086750,-0.249216725,138.181960319
1556456761.930758953,2051,47177.000000000,22.300337209,114.179520393,6.321658798,6.115619992,-6.913950785,0.051170108,-0.234284177,-0.223809823,137.508763708
1556456762.930830956,2051,47178.000000000,22.300274925,114.179579551,6.352988012,6.023998955,-6.942505204,-0.000976929,-0.423157703,0.169159522,137.382825051
1556456763.931004047,2051,47179.000000000,22.300212901,114.179638355,6.395989221,5.912408449,-6.682513140,0.053793977,-0.709437574,-0.109468807,137.498749548
1556456764.931056023,2051,47180.000000000,22.300154132,114.179692893,6.454334925,5.202617870,-6.167292389,0.095220340,-0.532223573,0.068058141,138.028987629
1556456765.931160927,2051,47181.000000000,22.300103939,114.179738782,6.499612873,4.241606325,-5.081803178,0.050947589,-1.040871449,-0.199142608,138.757741590
1556456766.931279898,2051,47182.000000000,22.300060290,114.179776110,6.553557473,3.375441479,-4.595269700,0.026394198,-1.138148243,-0.145804035,141.586439032
1556456767.931402922,2051,47183.000000000,22.300018619,114.179803241,6.614048229,2.000872093,-4.546483622,0.083076600,-1.082364236,0.137924243,152.900570770
1556456768.930417061,2051,47184.000000000,22.299975849,114.179815677,6.693245644,0.496963055,-4.858121758,0.088963296,-1.189601375,0.418868238,170.240361332
1556456769.930610895,2051,47185.000000000,22.299932453,114.179811213,6.778689807,-1.480065455,-4.519484276,0.047340757,-0.800593607,-0.138482314,193.731334634
